timestamp,sensor_id,temperature,air_quality,heart_rate,latitude,longitude
2026-04-01 06:00:00,Worker_001,26.54,156.23,68.23,6.9275,79.8615
2026-04-01 06:00:30,Worker_002,27.12,158.91,71.56,6.9353,79.8698
2026-04-01 06:01:00,Worker_003,26.89,152.45,64.89,6.9178,79.8553
2026-04-01 06:01:30,Worker_001,27.34,163.78,70.12,6.9268,79.8618
2026-04-01 06:02:00,Worker_002,26.78,155.67,69.45,6.9352,79.8703
2026-04-01 06:02:30,Worker_003,28.01,160.23,72.34,6.9182,79.8547
2026-04-01 06:03:00,Worker_001,27.56,159.89,67.89,6.9273,79.8610
2026-04-01 06:03:30,Worker_002,26.45,151.34,70.67,6.9349,79.8695
2026-04-01 06:04:00,Worker_003,27.89,162.56,68.45,6.9175,79.8556
2026-04-01 06:04:30,Worker_001,28.23,158.12,71.23,6.9277,79.8614
2026-04-01 06:05:00,Worker_002,27.67,157.78,69.78,6.9354,79.8702
2026-04-01 06:05:30,Worker_003,26.98,154.45,66.45,6.9184,79.8549
2026-04-01 06:06:00,Worker_001,27.45,161.23,70.56,6.9269,79.8619
2026-04-01 06:06:30,Worker_002,28.56,159.67,72.34,6.9351,79.8697
2026-04-01 06:07:00,Worker_003,27.23,152.89,65.78,6.9179,79.8554
2026-04-01 06:07:30,Worker_001,26.89,164.56,69.12,6.9274,79.8613
2026-04-01 06:08:00,Worker_002,27.78,158.34,70.89,6.9353,79.8701
2026-04-01 06:08:30,Worker_003,28.12,156.78,68.23,6.9181,79.8551
2026-04-01 06:09:00,Worker_001,27.34,160.45,71.45,6.9272,79.8617
2026-04-01 06:09:30,Worker_002,26.67,153.67,66.78,6.9350,79.8699
2026-04-01 06:10:00,Worker_003,28.45,163.12,73.12,6.9183,79.8548
2026-04-01 06:10:30,Worker_001,27.89,157.89,68.56,6.9276,79.8611
2026-04-01 06:11:00,Worker_002,26.34,155.23,70.23,6.9352,79.8700
2026-04-01 06:11:30,Worker_003,27.56,162.78,69.89,6.9180,79.8555
2026-04-01 06:12:00,Worker_001,28.67,159.34,71.67,6.9270,79.8616
2026-04-01 06:12:30,Worker_002,27.45,154.56,67.45,6.9354,79.8696
2026-04-01 06:13:00,Worker_003,26.78,161.89,70.34,6.9177,79.8552
2026-04-01 06:13:30,Worker_001,27.12,158.78,68.78,6.9278,79.8612
2026-04-01 06:14:00,Worker_002,28.34,156.45,72.56,6.9348,79.8704
2026-04-01 06:14:30,Worker_003,27.67,163.45,69.23,6.9185,79.8546
2026-04-01 06:15:00,Worker_001,26.56,152.34,65.45,6.9271,79.8618
2026-04-01 06:15:30,Worker_002,27.89,160.89,71.78,6.9355,79.8700
2026-04-01 06:16:00,Worker_003,28.23,159.12,70.12,6.9176,79.8554
2026-04-01 06:16:30,Worker_001,27.34,157.56,67.89,6.9273,79.8615
2026-04-01 06:17:00,Worker_002,26.89,155.78,69.56,6.9351,79.8698
2026-04-01 06:17:30,Worker_003,27.78,164.23,68.34,6.9182,79.8550
2026-04-01 06:18:00,Worker_001,28.45,158.89,72.45,6.9274,79.8619
2026-04-01 06:18:30,Worker_002,27.23,153.45,65.89,6.9347,79.8702
2026-04-01 06:19:00,Worker_003,26.67,161.78,70.78,6.9184,79.8547
2026-04-01 06:19:30,Worker_001,27.56,160.12,69.34,6.9277,79.8613
2026-04-01 06:20:00,Worker_002,28.78,157.34,72.12,6.9353,79.8699
2026-04-01 06:20:30,Worker_003,27.89,155.89,67.56,6.9180,79.8553
2026-04-01 06:21:00,Worker_001,26.45,162.45,70.89,6.9269,79.8616
2026-04-01 06:21:30,Worker_002,27.34,159.67,71.23,6.9352,79.8701
2026-04-01 06:22:00,Worker_003,28.12,158.34,68.45,6.9186,79.8549
2026-04-01 06:22:30,Worker_001,27.67,156.78,66.78,6.9275,79.8611
2026-04-01 06:23:00,Worker_002,26.89,163.12,73.45,6.9349,79.8696
2026-04-01 06:23:30,Worker_003,27.45,154.67,69.78,6.9181,79.8555
2026-04-01 06:24:00,Worker_001,28.34,161.45,70.34,6.9278,79.8617
2026-04-01 06:24:30,Worker_002,27.78,158.23,68.12,6.9354,79.8703
2026-04-01 06:25:00,Worker_003,26.56,157.89,72.67,6.9174,79.8551
2026-04-01 06:25:30,Worker_001,27.12,160.78,69.56,6.9272,79.8614
2026-04-01 06:26:00,Worker_002,28.45,155.34,71.89,6.9351,79.8698
2026-04-01 06:26:30,Worker_003,27.89,162.67,67.34,6.9183,79.8552
2026-04-01 06:27:00,Worker_001,26.78,158.45,70.45,6.9270,79.8619
2026-04-01 06:27:30,Worker_002,27.34,159.78,68.78,6.9353,79.8700
2026-04-01 06:28:00,Worker_003,28.56,156.12,73.12,6.9179,79.8548
2026-04-01 06:28:30,Worker_001,27.67,164.34,69.23,6.9276,79.8612
2026-04-01 06:29:00,Worker_002,26.45,153.89,65.67,6.9350,79.8702
2026-04-01 06:29:30,Worker_003,27.23,161.56,71.34,6.9185,79.8556
2026-04-01 06:30:00,Worker_001,28.12,157.67,70.78,6.9274,79.8610
2026-04-01 06:30:30,Worker_002,27.89,160.23,68.56,6.9352,79.8695
2026-04-01 06:31:00,Worker_003,26.67,155.78,72.89,6.9178,79.8554
2026-04-01 06:31:30,Worker_001,27.56,162.89,69.67,6.9271,79.8618
2026-04-01 06:32:00,Worker_002,28.34,159.45,71.45,6.9354,79.8701
2026-04-01 06:32:30,Worker_003,27.78,158.34,67.89,6.9182,79.8549
2026-04-01 06:33:00,Worker_001,26.89,154.67,70.12,6.9277,79.8615
2026-04-01 06:33:30,Worker_002,27.45,163.45,72.34,6.9348,79.8699
2026-04-01 06:34:00,Worker_003,28.67,161.78,68.23,6.9184,79.8553
2026-04-01 06:34:30,Worker_001,27.23,156.89,69.78,6.9273,79.8613
2026-04-01 06:35:00,Worker_002,26.78,158.23,71.56,6.9355,79.8704
2026-04-01 06:35:30,Worker_003,27.12,165.12,66.45,6.9176,79.8547
2026-04-01 06:36:00,Worker_001,28.45,160.45,70.89,6.9268,79.8616
2026-04-01 06:36:30,Worker_002,27.89,157.78,69.34,6.9351,79.8697
2026-04-01 06:37:00,Worker_003,26.56,159.67,72.56,6.9181,79.8550
2026-04-01 06:37:30,Worker_001,27.67,155.34,68.12,6.9279,79.8619
2026-04-01 06:38:00,Worker_002,28.23,162.89,71.78,6.9347,79.8700
2026-04-01 06:38:30,Worker_003,27.34,158.45,67.34,6.9183,79.8555
2026-04-01 06:39:00,Worker_001,26.89,161.23,70.45,6.9275,79.8612
2026-04-01 06:39:30,Worker_002,27.78,156.78,68.67,6.9353,79.8702
2026-04-01 06:40:00,Worker_003,28.56,163.67,73.23,6.9180,79.8546
2026-04-01 06:40:30,Worker_001,27.45,159.12,69.89,6.9272,79.8617
2026-04-01 06:41:00,Worker_002,26.67,155.45,70.56,6.9349,79.8698
2026-04-01 06:41:30,Worker_003,27.89,162.34,71.34,6.9185,79.8554
2026-04-01 06:42:00,Worker_001,28.34,158.89,66.78,6.9276,79.8614
2026-04-01 06:42:30,Worker_002,27.12,160.12,72.45,6.9352,79.8705
2026-04-01 06:43:00,Worker_003,26.78,157.56,69.12,6.9177,79.8551
2026-04-01 06:43:30,Worker_001,27.56,164.45,68.56,6.9270,79.8610
2026-04-01 06:44:00,Worker_002,28.45,159.78,71.23,6.9354,79.8696
2026-04-01 06:44:30,Worker_003,27.23,156.34,67.89,6.9182,79.8552
2026-04-01 06:45:00,Worker_001,26.89,161.89,70.78,6.9278,79.8619
2026-04-01 06:45:30,Worker_002,27.67,158.23,69.45,6.9350,79.8701
2026-04-01 06:46:00,Worker_003,28.12,155.67,72.12,6.9184,79.8548
2026-04-01 06:46:30,Worker_001,27.34,163.45,68.34,6.9273,79.8615
2026-04-01 06:47:00,Worker_002,26.56,160.78,70.89,6.9351,79.8699
2026-04-01 06:47:30,Worker_003,27.89,157.34,67.56,6.9181,79.8553
2026-04-01 06:48:00,Worker_001,28.56,162.12,73.45,6.9275,79.8611
2026-04-01 06:48:30,Worker_002,27.45,154.89,68.78,6.9353,79.8703
2026-04-01 06:49:00,Worker_003,26.78,161.56,70.34,6.9186,79.8556
2026-04-01 06:49:30,Worker_001,27.12,159.45,69.67,6.9269,79.8618
2026-04-01 06:50:00,Worker_002,28.34,157.89,72.56,6.9352,79.8697
2026-04-01 06:50:30,Worker_003,27.67,158.78,68.45,6.9180,79.8550
2026-04-01 06:51:00,Worker_001,26.89,164.56,70.12,6.9277,79.8614
2026-04-01 06:51:30,Worker_002,27.23,155.23,69.23,6.9348,79.8700
2026-04-01 06:52:00,Worker_003,28.45,162.89,71.78,6.9183,79.8554
2026-04-01 06:52:30,Worker_001,27.78,160.34,67.89,6.9274,79.8616
2026-04-01 06:53:00,Worker_002,26.67,158.12,70.45,6.9355,79.8702
2026-04-01 06:53:30,Worker_003,27.34,156.67,68.23,6.9178,79.8551
2026-04-01 06:54:00,Worker_001,28.12,163.45,73.12,6.9272,79.8613
2026-04-01 06:54:30,Worker_002,27.89,159.89,69.56,6.9350,79.8698
2026-04-01 06:55:00,Worker_003,26.45,161.23,71.34,6.9185,79.8555
2026-04-01 06:55:30,Worker_001,27.56,158.56,66.78,6.9271,79.8619
2026-04-01 06:56:00,Worker_002,28.67,155.78,72.89,6.9353,79.8704
2026-04-01 06:56:30,Worker_003,27.23,162.34,70.56,6.9182,79.8547
2026-04-01 06:57:00,Worker_001,26.78,157.45,67.45,6.9276,79.8610
2026-04-01 06:57:30,Worker_002,27.45,164.67,71.67,6.9349,79.8695
2026-04-01 06:58:00,Worker_003,28.34,159.12,69.12,6.9184,79.8552
2026-04-01 06:58:30,Worker_001,27.67,161.78,68.78,6.9279,79.8617
2026-04-01 06:59:00,Worker_002,26.89,158.34,73.34,6.9352,79.8701
2026-04-01 06:59:30,Worker_003,27.12,160.45,70.89,6.9179,79.8549
2026-04-01 07:00:00,Worker_001,28.23,156.89,69.56,6.9273,79.8615
2026-04-01 07:00:30,Worker_002,27.78,163.12,68.34,6.9354,79.8699
2026-04-01 07:01:00,Worker_003,26.56,155.67,72.45,6.9181,79.8553
2026-04-01 07:01:30,Worker_001,27.34,162.45,71.23,6.9275,79.8612
2026-04-01 07:02:00,Worker_002,28.45,159.78,67.78,6.9350,79.8703
2026-04-01 07:02:30,Worker_003,27.89,158.23,70.12,6.9186,79.8556
2026-04-01 07:03:00,Worker_001,26.67,161.34,68.56,6.9268,79.8618
2026-04-01 07:03:30,Worker_002,27.56,157.89,72.78,6.9351,79.8697
2026-04-01 07:04:00,Worker_003,28.12,164.56,69.34,6.9183,79.8550
2026-04-01 07:04:30,Worker_001,27.23,159.45,70.67,6.9277,79.8614
2026-04-01 07:05:00,Worker_002,26.89,156.34,68.12,6.9353,79.8700
2026-04-01 07:05:30,Worker_003,27.67,162.78,71.45,6.9177,79.8554
2026-04-01 07:06:00,Worker_001,28.34,158.67,67.23,6.9274,79.8616
2026-04-01 07:06:30,Worker_002,27.45,160.89,73.56,6.9352,79.8702
2026-04-01 07:07:00,Worker_003,26.78,155.45,69.78,6.9185,79.8551
2026-04-01 07:07:30,Worker_001,27.12,163.23,70.34,6.9270,79.8619
2026-04-01 07:08:00,Worker_002,28.56,157.34,68.89,6.9348,79.8696
2026-04-01 07:08:30,Worker_003,27.89,161.67,72.23,6.9182,79.8555
2026-04-01 07:09:00,Worker_001,26.45,159.12,69.45,6.9279,79.8613
2026-04-01 07:09:30,Worker_002,27.34,158.78,71.56,6.9354,79.8701
2026-04-01 07:10:00,Worker_003,28.23,165.34,67.67,6.9180,79.8548
2026-04-01 07:10:30,Worker_001,27.78,160.56,70.89,6.9272,79.8617
2026-04-01 07:11:00,Worker_002,26.67,155.89,68.34,6.9351,79.8698
2026-04-01 07:11:30,Worker_003,27.56,162.45,72.56,6.9184,79.8552
2026-04-01 07:12:00,Worker_001,28.45,158.23,69.12,6.9276,79.8615
2026-04-01 07:12:30,Worker_002,27.23,161.78,71.78,6.9349,79.8704
2026-04-01 07:13:00,Worker_003,26.89,157.56,67.45,6.9181,79.8550
2026-04-01 07:13:30,Worker_001,27.67,163.89,73.23,6.9275,79.8611
2026-04-01 07:14:00,Worker_002,28.12,159.34,68.56,6.9355,79.8699
2026-04-01 07:14:30,Worker_003,27.45,156.78,70.45,6.9183,79.8553
2026-04-01 07:15:00,Worker_001,26.78,164.12,69.78,6.9269,79.8618
2026-04-01 07:15:30,Worker_002,27.89,160.67,72.34,6.9352,79.8700
2026-04-01 07:16:00,Worker_003,28.34,158.45,66.89,6.9186,79.8556
2026-04-01 07:16:30,Worker_001,27.12,157.89,71.23,6.9278,79.8614
2026-04-01 07:17:00,Worker_002,26.56,163.45,68.78,6.9350,79.8703
2026-04-01 07:17:30,Worker_003,27.34,161.23,70.67,6.9182,79.8549
2026-04-01 07:18:00,Worker_001,28.67,159.78,69.34,6.9273,79.8616
2026-04-01 07:18:30,Worker_002,27.78,156.34,72.89,6.9354,79.8697
2026-04-01 07:19:00,Worker_003,26.89,162.89,67.56,6.9180,79.8554
2026-04-01 07:19:30,Worker_001,27.56,158.67,71.45,6.9277,79.8612
2026-04-01 07:20:00,Worker_002,28.23,161.45,68.23,6.9351,79.8702
2026-04-01 07:20:30,Worker_003,27.45,155.78,73.34,6.9185,79.8551
2026-04-01 07:21:00,Worker_001,26.67,164.56,69.89,6.9268,79.8619
2026-04-01 07:21:30,Worker_002,27.89,159.23,70.56,6.9353,79.8698
2026-04-01 07:22:00,Worker_003,28.56,157.67,68.45,6.9184,79.8555
2026-04-01 07:22:30,Worker_001,27.23,162.78,72.12,6.9276,79.8615
2026-04-01 07:23:00,Worker_002,26.78,160.34,67.78,6.9348,79.8700
2026-04-01 07:23:30,Worker_003,27.67,158.89,71.67,6.9181,79.8550
2026-04-01 07:24:00,Worker_001,28.34,163.12,69.56,6.9274,79.8613
2026-04-01 07:24:30,Worker_002,27.12,155.45,73.45,6.9355,79.8701
2026-04-01 07:25:00,Worker_003,26.89,161.78,68.12,6.9183,79.8552
2026-04-01 07:25:30,Worker_001,27.45,159.56,70.89,6.9270,79.8617
2026-04-01 07:26:00,Worker_002,28.45,157.23,69.34,6.9352,79.8699
2026-04-01 07:26:30,Worker_003,27.78,164.67,72.56,6.9186,79.8554
2026-04-01 07:27:00,Worker_001,26.56,160.12,67.23,6.9279,79.8611
2026-04-01 07:27:30,Worker_002,27.34,158.78,71.78,6.9349,79.8704
2026-04-01 07:28:00,Worker_003,28.12,162.34,68.89,6.9182,79.8548
2026-04-01 07:28:30,Worker_001,27.89,156.89,70.34,6.9271,79.8618
2026-04-01 07:29:00,Worker_002,26.67,163.56,69.45,6.9354,79.8696
2026-04-01 07:29:30,Worker_003,27.56,159.45,72.23,6.9180,79.8556
2026-04-01 07:30:00,Worker_001,28.23,161.67,66.78,6.9275,79.8614
2026-04-01 07:30:30,Worker_002,27.45,158.34,71.34,6.9351,79.8702
2026-04-01 07:31:00,Worker_003,26.78,155.89,68.67,6.9184,79.8553
2026-04-01 07:31:30,Worker_001,27.12,164.23,73.12,6.9277,79.8610
2026-04-01 07:32:00,Worker_002,28.56,160.78,69.78,6.9353,79.8700
2026-04-01 07:32:30,Worker_003,27.67,157.45,70.56,6.9185,79.8555
2026-04-01 07:33:00,Worker_001,26.89,162.89,68.34,6.9268,79.8619
2026-04-01 07:33:30,Worker_002,27.23,159.67,72.45,6.9350,79.8698
2026-04-01 07:34:00,Worker_003,28.34,156.56,67.89,6.9181,79.8551
2026-04-01 07:34:30,Worker_001,27.78,163.78,71.23,6.9274,79.8616
2026-04-01 07:35:00,Worker_002,26.45,161.23,69.56,6.9355,79.8703
2026-04-01 07:35:30,Worker_003,27.89,158.89,73.56,6.9183,79.8547
2026-04-01 07:36:00,Worker_001,28.45,157.34,68.12,6.9272,79.8615
2026-04-01 07:36:30,Worker_002,27.56,165.12,71.89,6.9352,79.8701
2026-04-01 07:37:00,Worker_003,26.67,160.45,67.45,6.9186,79.8554
2026-04-01 07:37:30,Worker_001,27.34,159.78,70.78,6.9279,79.8612
2026-04-01 07:38:00,Worker_002,28.12,162.56,69.23,6.9348,79.8699
2026-04-01 07:38:30,Worker_003,27.45,156.67,72.67,6.9182,79.8552
2026-04-01 07:39:00,Worker_001,26.78,158.23,68.56,6.9276,79.8618
2026-04-01 07:39:30,Worker_002,27.67,164.78,71.34,6.9354,79.8697
2026-04-01 07:40:00,Worker_003,28.56,161.34,67.78,6.9180,79.8556
2026-04-01 07:40:30,Worker_001,27.89,157.89,73.45,6.9273,79.8614
2026-04-01 07:41:00,Worker_002,26.56,163.45,69.89,6.9351,79.8702
2026-04-01 07:41:30,Worker_003,27.23,160.78,70.34,6.9185,79.8550
2026-04-01 07:42:00,Worker_001,28.34,158.34,68.78,6.9275,79.8611
2026-04-01 07:42:30,Worker_002,27.78,155.67,72.12,6.9353,79.8700
2026-04-01 07:43:00,Worker_003,26.89,162.89,69.56,6.9181,79.8555
2026-04-01 07:43:30,Worker_001,27.12,159.23,71.45,6.9270,79.8617
2026-04-01 07:44:00,Worker_002,28.45,164.56,66.89,6.9349,79.8698
2026-04-01 07:44:30,Worker_003,27.56,157.78,73.23,6.9184,79.8552
2026-04-01 07:45:00,Worker_001,26.67,161.45,68.34,6.9278,79.8613
2026-04-01 07:45:30,Worker_002,27.34,159.89,70.67,6.9352,79.8701
2026-04-01 07:46:00,Worker_003,28.12,158.12,69.12,6.9183,79.8549
2026-04-01 07:46:30,Worker_001,27.89,163.78,72.56,6.9277,79.8619
2026-04-01 07:47:00,Worker_002,26.78,156.45,67.23,6.9350,79.8696
2026-04-01 07:47:30,Worker_003,27.45,162.34,71.78,6.9186,79.8554
2026-04-01 07:48:00,Worker_001,28.56,160.67,68.45,6.9274,79.8615
2026-04-01 07:48:30,Worker_002,27.23,155.89,73.34,6.9355,79.8704
2026-04-01 07:49:00,Worker_003,26.89,159.45,69.67,6.9182,79.8552
2026-04-01 07:49:30,Worker_001,27.67,164.23,70.89,6.9271,79.8618
2026-04-01 07:50:00,Worker_002,28.34,158.78,68.12,6.9353,79.8699
2026-04-01 07:50:30,Worker_003,27.12,161.56,72.34,6.9180,79.8551
2026-04-01 07:51:00,Worker_001,26.56,157.67,69.56,6.9276,79.8610
2026-04-01 07:51:30,Worker_002,27.78,163.12,71.23,6.9348,79.8702
2026-04-01 07:52:00,Worker_003,28.45,160.34,67.78,6.9185,79.8553
2026-04-01 07:52:30,Worker_001,27.89,158.89,73.45,6.9279,79.8616
2026-04-01 07:53:00,Worker_002,26.67,165.45,68.89,6.9354,79.8697
2026-04-01 07:53:30,Worker_003,27.34,159.78,70.45,6.9181,79.8555
2026-04-01 07:54:00,Worker_001,28.23,156.34,69.34,6.9272,79.8614
2026-04-01 07:54:30,Worker_002,27.56,162.89,72.78,6.9351,79.8700
2026-04-01 07:55:00,Worker_003,26.78,161.23,66.78,6.9183,79.8556
2026-04-01 07:55:30,Worker_001,27.45,158.67,71.67,6.9275,79.8612
2026-04-01 07:56:00,Worker_002,28.12,164.78,68.34,6.9352,79.8703
2026-04-01 07:56:30,Worker_003,27.67,157.45,73.12,6.9184,79.8550
2026-04-01 07:57:00,Worker_001,26.89,160.12,69.78,6.9269,79.8618
2026-04-01 07:57:30,Worker_002,27.23,163.56,70.56,6.9350,79.8698
2026-04-01 07:58:00,Worker_003,28.56,159.34,67.89,6.9186,79.8554
2026-04-01 07:58:30,Worker_001,27.78,156.89,72.45,6.9277,79.8615
2026-04-01 07:59:00,Worker_002,26.45,162.45,68.67,6.9355,79.8701
2026-04-01 07:59:30,Worker_003,27.89,161.78,71.34,6.9182,79.8552
2026-04-01 08:00:00,Worker_001,28.34,185.45,86.23,6.9273,79.8613
2026-04-01 08:00:30,Worker_002,27.89,178.32,88.56,6.9351,79.8699
2026-04-01 08:01:00,Worker_003,28.12,182.67,91.23,6.9180,79.8554
2026-04-01 08:01:30,Worker_001,28.67,176.89,85.67,6.9276,79.8616
2026-04-01 08:02:00,Worker_002,27.45,183.45,92.34,6.9353,79.8702
2026-04-01 08:02:30,Worker_003,28.89,180.23,89.78,6.9185,79.8551
2026-04-01 08:03:00,Worker_001,27.78,175.67,87.12,6.9279,79.8614
2026-04-01 08:03:30,Worker_002,28.23,184.78,90.45,6.9349,79.8700
2026-04-01 08:04:00,Worker_003,29.12,179.34,86.89,6.9182,79.8555
2026-04-01 08:04:30,Worker_001,28.45,177.89,142.56,6.9271,79.8618
2026-04-01 08:05:00,Worker_002,27.89,186.23,93.67,6.9354,79.8697
2026-04-01 08:05:30,Worker_003,28.67,181.56,88.34,6.9184,79.8553
2026-04-01 08:06:00,Worker_001,29.23,174.45,91.78,6.9268,79.8615
2026-04-01 08:06:30,Worker_002,28.56,185.67,87.45,6.9352,79.8704
2026-04-01 08:07:00,Worker_003,27.34,178.93,90.12,6.9181,79.8550
2026-04-01 08:07:30,Worker_001,28.78,182.34,89.56,6.9277,79.8619
2026-04-01 08:08:00,Worker_002,29.45,176.78,92.89,6.9350,79.8698
2026-04-01 08:08:30,Worker_003,28.12,184.56,85.34,6.9183,79.8556
2026-04-01 08:09:00,Worker_001,27.89,179.23,90.67,6.9275,79.8612
2026-04-01 08:09:30,Worker_002,28.34,187.45,88.23,6.9355,79.8701
2026-04-01 08:10:00,Worker_003,29.56,175.34,93.45,6.9180,79.8554
2026-04-01 08:10:30,Worker_001,28.67,183.67,86.78,6.9273,79.8617
2026-04-01 08:11:00,Worker_002,27.56,180.89,91.34,6.9352,79.8700
2026-04-01 08:11:30,Worker_003,28.89,178.45,89.67,6.9185,79.8552
2026-04-01 08:12:00,Worker_001,29.12,186.23,96.23,6.9278,79.8614
2026-04-01 08:12:30,Worker_002,28.45,177.56,87.89,6.9348,79.8703
2026-04-01 08:13:00,Worker_003,27.78,184.78,92.56,6.9182,79.8551
2026-04-01 08:13:30,Worker_001,28.23,179.67,90.12,6.9270,79.8616
2026-04-01 08:14:00,Worker_002,29.34,182.34,88.45,6.9354,79.8699
2026-04-01 08:14:30,Worker_003,28.67,176.89,93.78,6.9181,79.8555
2026-04-01 08:15:00,Worker_001,27.89,185.45,89.23,6.9276,79.8613
2026-04-01 08:15:30,Worker_002,28.56,180.12,91.67,6.9351,79.8702
2026-04-01 08:16:00,Worker_003,29.23,178.56,86.56,6.9184,79.8550
2026-04-01 08:16:30,Worker_001,28.78,183.89,94.34,6.9279,79.8618
2026-04-01 08:17:00,Worker_002,27.45,177.34,87.78,6.9353,79.8697
2026-04-01 08:17:30,Worker_003,28.12,181.67,90.89,6.9183,79.8554
2026-04-01 08:18:00,Worker_001,29.45,184.56,92.12,6.9272,79.8615
2026-04-01 08:18:30,Worker_002,28.89,176.23,88.67,6.9350,79.8700
2026-04-01 08:19:00,Worker_003,27.67,186.78,95.45,6.9186,79.8553
2026-04-01 08:19:30,Worker_001,28.34,182.45,91.56,6.9275,79.8611
2026-04-01 08:20:00,Worker_002,29.56,179.34,89.34,6.9352,79.8704
2026-04-01 08:20:30,Worker_003,28.45,185.67,93.78,6.9180,79.8556
2026-04-01 08:21:00,Worker_001,27.89,177.89,87.23,6.9277,79.8619
2026-04-01 08:21:30,Worker_002,28.78,183.23,92.67,6.9354,79.8698
2026-04-01 08:22:00,Worker_003,29.12,180.78,90.45,6.9182,79.8552
2026-04-01 08:22:30,Worker_001,28.67,175.67,88.89,6.9269,79.8614
2026-04-01 08:23:00,Worker_002,27.34,184.45,94.23,6.9351,79.8701
2026-04-01 08:23:30,Worker_003,28.89,182.34,86.78,6.9185,79.8555
2026-04-01 08:24:00,Worker_001,29.23,179.56,91.34,6.9274,79.8617
2026-04-01 08:24:30,Worker_002,28.56,176.78,89.67,6.9353,79.8699
2026-04-01 08:25:00,Worker_003,27.78,187.23,93.12,6.9181,79.8551
2026-04-01 08:25:30,Worker_001,28.45,181.89,87.56,6.9278,79.8612
2026-04-01 08:26:00,Worker_002,29.34,184.67,92.45,6.9349,79.8703
2026-04-01 08:26:30,Worker_003,28.12,178.56,90.78,6.9184,79.8550
2026-04-01 08:27:00,Worker_001,27.67,183.45,88.23,6.9270,79.8616
2026-04-01 08:27:30,Worker_002,28.89,180.23,95.67,6.9355,79.8697
2026-04-01 08:28:00,Worker_003,29.45,186.89,91.89,6.9183,79.8554
2026-04-01 08:28:30,Worker_001,28.56,177.34,86.34,6.9276,79.8618
2026-04-01 08:29:00,Worker_002,27.89,185.56,93.56,6.9352,79.8702
2026-04-01 08:29:30,Worker_003,28.34,182.78,89.12,6.9185,79.8553
2026-04-01 08:30:00,Worker_001,29.12,179.89,90.67,6.9273,79.8615
2026-04-01 08:30:30,Worker_002,28.67,174.56,87.78,6.9350,79.8700
2026-04-01 08:31:00,Worker_003,27.45,183.34,94.34,6.9182,79.8556
2026-04-01 08:31:30,Worker_001,28.78,181.67,88.56,6.9279,79.8613
2026-04-01 08:32:00,Worker_002,29.34,176.89,92.12,6.9354,79.8698
2026-04-01 08:32:30,Worker_003,28.23,185.78,90.45,6.9180,79.8552
2026-04-01 08:33:00,Worker_001,27.89,182.45,86.78,6.9271,79.8619
2026-04-01 08:33:30,Worker_002,28.56,179.34,91.67,6.9351,79.8701
2026-04-01 08:34:00,Worker_003,29.67,187.23,89.23,6.9184,79.8555
2026-04-01 08:34:30,Worker_001,28.45,176.67,93.89,6.9277,79.8614
2026-04-01 08:35:00,Worker_002,27.78,184.89,87.34,6.9353,79.8704
2026-04-01 08:35:30,Worker_003,28.12,181.56,147.78,6.9181,79.8550
2026-04-01 08:36:00,Worker_001,29.23,178.45,92.45,6.9274,79.8617
2026-04-01 08:36:30,Worker_002,28.89,186.34,88.67,6.9348,79.8699
2026-04-01 08:37:00,Worker_003,27.56,183.67,95.12,6.9185,79.8553
2026-04-01 08:37:30,Worker_001,28.67,180.89,90.34,6.9272,79.8616
2026-04-01 08:38:00,Worker_002,29.45,177.56,86.89,6.9355,79.8702
2026-04-01 08:38:30,Worker_003,28.34,185.45,93.56,6.9183,79.8551
2026-04-01 08:39:00,Worker_001,27.89,182.34,89.78,6.9276,79.8612
2026-04-01 08:39:30,Worker_002,28.56,179.67,91.23,6.9352,79.8700
2026-04-01 08:40:00,Worker_003,29.12,187.56,87.45,6.9180,79.8554
2026-04-01 08:40:30,Worker_001,28.45,184.78,94.67,6.9279,79.8618
2026-04-01 08:41:00,Worker_002,27.67,176.45,88.12,6.9349,79.8697
2026-04-01 08:41:30,Worker_003,28.78,183.89,92.34,6.9182,79.8555
2026-04-01 08:42:00,Worker_001,29.34,180.23,90.78,6.9270,79.8615
2026-04-01 08:42:30,Worker_002,28.23,185.67,86.56,6.9354,79.8703
2026-04-01 08:43:00,Worker_003,27.89,178.34,93.89,6.9186,79.8552
2026-04-01 08:43:30,Worker_001,28.56,182.78,89.34,6.9275,79.8619
2026-04-01 08:44:00,Worker_002,29.67,186.45,91.67,6.9351,79.8698
2026-04-01 08:44:30,Worker_003,28.45,179.89,88.23,6.9183,79.8556
2026-04-01 08:45:00,Worker_001,27.78,184.56,94.45,6.9277,79.8613
2026-04-01 08:45:30,Worker_002,28.12,181.67,87.78,6.9353,79.8701
2026-04-01 08:46:00,Worker_003,29.23,177.34,95.56,6.9180,79.8554
2026-04-01 08:46:30,Worker_001,28.89,185.78,90.12,6.9272,79.8617
2026-04-01 08:47:00,Worker_002,27.45,182.45,88.67,6.9350,79.8700
2026-04-01 08:47:30,Worker_003,28.67,180.56,92.89,6.9185,79.8552
2026-04-01 08:48:00,Worker_001,29.34,176.89,86.34,6.9274,79.8614
2026-04-01 08:48:30,Worker_002,28.56,184.34,93.78,6.9355,79.8702
2026-04-01 08:49:00,Worker_003,27.78,183.67,89.56,6.9181,79.8555
2026-04-01 08:49:30,Worker_001,28.45,178.45,91.34,6.9278,79.8611
2026-04-01 08:50:00,Worker_002,29.12,186.89,87.89,6.9352,79.8699
2026-04-01 08:50:30,Worker_003,28.23,181.34,94.23,6.9184,79.8553
2026-04-01 08:51:00,Worker_001,27.89,179.67,88.45,6.9269,79.8616
2026-04-01 08:51:30,Worker_002,28.89,185.45,92.67,6.9354,79.8704
2026-04-01 08:52:00,Worker_003,29.56,182.89,90.78,6.9182,79.8550
2026-04-01 08:52:30,Worker_001,28.67,177.56,86.56,6.9276,79.8618
2026-04-01 08:53:00,Worker_002,27.34,184.78,93.45,6.9351,79.8697
2026-04-01 08:53:30,Worker_003,28.45,186.34,89.12,6.9183,79.8554
2026-04-01 08:54:00,Worker_001,29.23,180.67,91.89,6.9275,79.8615
2026-04-01 08:54:30,Worker_002,28.78,178.23,87.34,6.9353,79.8701
2026-04-01 08:55:00,Worker_003,27.89,183.56,94.78,6.9180,79.8552
2026-04-01 08:55:30,Worker_001,28.56,185.89,90.23,6.9271,79.8613
2026-04-01 08:56:00,Worker_002,29.34,181.78,88.67,6.9349,79.8700
2026-04-01 08:56:30,Worker_003,28.12,177.89,92.34,6.9186,79.8556
2026-04-01 08:57:00,Worker_001,27.67,184.67,86.89,6.9279,79.8619
2026-04-01 08:57:30,Worker_002,28.89,182.34,95.12,6.9352,79.8703
2026-04-01 08:58:00,Worker_003,29.45,179.56,89.56,6.9184,79.8551
2026-04-01 08:58:30,Worker_001,28.34,186.78,91.45,6.9273,79.8617
2026-04-01 08:59:00,Worker_002,27.78,185.23,87.78,6.9354,79.8698
2026-04-01 08:59:30,Worker_003,28.56,180.45,93.89,6.9181,79.8555
2026-04-01 09:00:00,Worker_001,29.12,178.67,90.34,6.9277,79.8614
2026-04-01 09:00:30,Worker_002,28.67,184.89,88.12,6.9350,79.8702
2026-04-01 09:01:00,Worker_003,27.45,183.34,94.56,6.9185,79.8553
2026-04-01 09:01:30,Worker_001,28.23,181.56,86.78,6.9274,79.8616
2026-04-01 09:02:00,Worker_002,29.34,176.78,92.23,6.9353,79.8699
2026-04-01 09:02:30,Worker_003,28.89,185.67,89.67,6.9182,79.8552
2026-04-01 09:03:00,Worker_001,27.56,182.45,91.78,6.9271,79.8618
2026-04-01 09:03:30,Worker_002,28.78,179.34,87.45,6.9355,79.8700
2026-04-01 09:04:00,Worker_003,29.23,187.23,95.34,6.9180,79.8554
2026-04-01 09:04:30,Worker_001,28.45,184.56,88.89,6.9278,79.8612
2026-04-01 09:05:00,Worker_002,27.89,177.89,93.56,6.9352,79.8701
2026-04-01 09:05:30,Worker_003,28.12,186.34,90.12,6.9184,79.8556
2026-04-01 09:06:00,Worker_001,29.56,183.78,86.34,6.9273,79.8615
2026-04-01 09:06:30,Worker_002,28.67,180.23,94.78,6.9348,79.8698
2026-04-01 09:07:00,Worker_003,27.34,185.45,89.23,6.9181,79.8551
2026-04-01 09:07:30,Worker_001,28.89,182.67,92.45,6.9276,79.8619
2026-04-01 09:08:00,Worker_002,29.45,179.56,87.67,6.9354,79.8703
2026-04-01 09:08:30,Worker_003,28.34,186.78,91.34,6.9183,79.8555
2026-04-01 09:09:00,Worker_001,27.78,184.89,88.56,6.9279,79.8613
2026-04-01 09:09:30,Worker_002,28.56,177.34,95.67,6.9351,79.8697
2026-04-01 09:10:00,Worker_003,29.12,181.67,90.78,6.9185,79.8552
2026-04-01 09:10:30,Worker_001,28.45,183.45,86.89,6.9272,79.8617
2026-04-01 09:11:00,Worker_002,27.67,185.78,93.12,6.9350,79.8700
2026-04-01 09:11:30,Worker_003,28.78,182.34,89.45,6.9182,79.8554
2026-04-01 09:12:00,Worker_001,29.34,179.89,91.67,6.9275,79.8614
2026-04-01 09:12:30,Worker_002,28.23,186.56,87.34,6.9353,79.8702
2026-04-01 09:13:00,Worker_003,27.89,178.67,94.23,6.9180,79.8550
2026-04-01 09:13:30,Worker_001,28.67,184.34,88.78,6.9277,79.8616
2026-04-01 09:14:00,Worker_002,29.56,181.45,92.89,6.9355,79.8699
2026-04-01 09:14:30,Worker_003,28.45,185.23,90.34,6.9184,79.8553
2026-04-01 09:15:00,Worker_001,27.34,177.56,86.56,6.9270,79.8618
2026-04-01 09:15:30,Worker_002,28.12,183.89,95.45,6.9352,79.8701
2026-04-01 09:16:00,Worker_003,29.23,180.78,89.12,6.9181,79.8555
2026-04-01 09:16:30,Worker_001,28.89,186.67,91.56,6.9274,79.8615
2026-04-01 09:17:00,Worker_002,27.56,182.34,87.89,6.9349,79.8704
2026-04-01 09:17:30,Worker_003,28.34,179.45,93.78,6.9186,79.8552
2026-04-01 09:18:00,Worker_001,29.45,184.78,90.23,6.9278,79.8619
2026-04-01 09:18:30,Worker_002,28.67,181.56,88.45,6.9354,79.8698
2026-04-01 09:19:00,Worker_003,27.78,186.89,94.67,6.9183,79.8551
2026-04-01 09:19:30,Worker_001,28.56,183.67,86.78,6.9271,79.8613
2026-04-01 09:20:00,Worker_002,29.12,178.34,92.34,6.9351,79.8700
2026-04-01 09:20:30,Worker_003,28.23,185.45,89.56,6.9185,79.8554
2026-04-01 09:21:00,Worker_001,27.89,182.78,91.89,6.9276,79.8617
2026-04-01 09:21:30,Worker_002,28.78,180.89,87.23,6.9353,79.8703
2026-04-01 09:22:00,Worker_003,29.34,187.34,95.78,6.9182,79.8555
2026-04-01 09:22:30,Worker_001,28.45,176.67,90.45,6.9279,79.8614
2026-04-01 09:23:00,Worker_002,27.67,184.56,88.67,6.9348,79.8699
2026-04-01 09:23:30,Worker_003,28.89,183.89,93.34,6.9180,79.8552
2026-04-01 09:24:00,Worker_001,29.23,179.45,86.12,6.9273,79.8616
2026-04-01 09:24:30,Worker_002,28.56,186.78,92.78,6.9355,79.8702
2026-04-01 09:25:00,Worker_003,27.45,181.34,89.89,6.9184,79.8556
2026-04-01 09:25:30,Worker_001,28.12,185.67,91.23,6.9275,79.8618
2026-04-01 09:26:00,Worker_002,29.67,177.89,87.56,6.9352,79.8701
2026-04-01 09:26:30,Worker_003,28.34,182.45,94.45,6.9181,79.8553
2026-04-01 09:27:00,Worker_001,27.78,184.34,88.78,6.9277,79.8615
2026-04-01 09:27:30,Worker_002,28.67,179.78,93.12,6.9350,79.8700
2026-04-01 09:28:00,Worker_003,29.45,186.23,90.34,6.9183,79.8551
2026-04-01 09:28:30,Worker_001,28.89,181.67,86.67,6.9272,79.8619
2026-04-01 09:29:00,Worker_002,27.56,183.56,95.56,6.9354,79.8698
2026-04-01 09:29:30,Worker_003,28.23,178.45,89.23,6.9185,79.8554
2026-04-01 09:30:00,Worker_001,29.12,185.89,92.67,6.9274,79.8613
2026-04-01 09:30:30,Worker_002,28.45,182.78,87.89,6.9351,79.8704
2026-04-01 09:31:00,Worker_003,27.89,180.34,94.78,6.9180,79.8550
2026-04-01 09:31:30,Worker_001,28.78,187.45,91.45,6.9278,79.8617
2026-04-01 09:32:00,Worker_002,29.34,176.89,88.34,6.9353,79.8699
2026-04-01 09:32:30,Worker_003,28.56,184.67,93.56,6.9182,79.8555
2026-04-01 09:33:00,Worker_001,27.67,183.34,86.89,6.9276,79.8614
2026-04-01 09:33:30,Worker_002,28.23,179.56,95.23,6.9349,79.8702
2026-04-01 09:34:00,Worker_003,29.56,186.78,90.12,6.9186,79.8553
2026-04-01 09:34:30,Worker_001,28.45,182.89,88.56,6.9270,79.8616
2026-04-01 09:35:00,Worker_002,27.78,185.34,92.45,6.9352,79.8700
2026-04-01 09:35:30,Worker_003,28.89,180.67,89.78,6.9184,79.8551
2026-04-01 09:36:00,Worker_001,29.23,177.56,91.34,6.9279,79.8618
2026-04-01 09:36:30,Worker_002,28.12,184.45,87.67,6.9355,79.8703
2026-04-01 09:37:00,Worker_003,27.45,181.78,94.89,6.9181,79.8556
2026-04-01 09:37:30,Worker_001,28.67,186.34,90.56,6.9273,79.8615
2026-04-01 09:38:00,Worker_002,29.34,183.67,88.23,6.9350,79.8697
2026-04-01 09:38:30,Worker_003,28.78,179.89,93.67,6.9183,79.8554
2026-04-01 09:39:00,Worker_001,27.89,185.23,86.45,6.9277,79.8612
2026-04-01 09:39:30,Worker_002,28.56,182.56,95.34,6.9354,79.8701
2026-04-01 09:40:00,Worker_003,29.45,188.45,91.78,6.9185,79.8552
2026-04-01 09:40:30,Worker_001,28.34,180.34,89.12,6.9271,79.8619
2026-04-01 09:41:00,Worker_002,27.67,176.78,92.89,6.9352,79.8698
2026-04-01 09:41:30,Worker_003,28.23,183.89,87.34,6.9180,79.8555
2026-04-01 09:42:00,Worker_001,29.12,185.67,94.56,6.9275,79.8614
2026-04-01 09:42:30,Worker_002,28.89,182.34,90.78,6.9351,79.8702
2026-04-01 09:43:00,Worker_003,27.56,179.45,88.67,6.9182,79.8553
2026-04-01 09:43:30,Worker_001,28.45,187.34,93.45,6.9278,79.8617
2026-04-01 09:44:00,Worker_002,29.67,184.78,86.23,6.9353,79.8700
2026-04-01 09:44:30,Worker_003,28.56,181.67,95.78,6.9184,79.8551
2026-04-01 09:45:00,Worker_001,27.78,186.45,89.56,6.9276,79.8616
2026-04-01 09:45:30,Worker_002,28.34,183.56,91.89,6.9349,79.8704
2026-04-01 09:46:00,Worker_003,29.23,178.89,87.45,6.9185,79.8554
2026-04-01 09:46:30,Worker_001,28.67,182.78,94.12,6.9274,79.8613
2026-04-01 09:47:00,Worker_002,27.89,185.34,88.78,6.9355,79.8699
2026-04-01 09:47:30,Worker_003,28.12,180.56,92.34,6.9181,79.8552
2026-04-01 09:48:00,Worker_001,29.45,179.67,90.67,6.9272,79.8618
2026-04-01 09:48:30,Worker_002,28.78,186.89,86.89,6.9350,79.8701
2026-04-01 09:49:00,Worker_003,27.34,184.34,93.78,6.9186,79.8556
2026-04-01 09:49:30,Worker_001,28.89,182.45,89.34,6.9270,79.8615
2026-04-01 09:50:00,Worker_002,29.56,177.78,95.56,6.9353,79.8703
2026-04-01 09:50:30,Worker_003,28.45,185.67,87.12,6.9183,79.8555
2026-04-01 09:51:00,Worker_001,27.67,183.89,92.89,6.9279,79.8617
2026-04-01 09:51:30,Worker_002,28.23,180.34,90.23,6.9354,79.8698
2026-04-01 09:52:00,Worker_003,29.34,186.78,88.56,6.9180,79.8553
2026-04-01 09:52:30,Worker_001,28.56,179.23,94.45,6.9275,79.8614
2026-04-01 09:53:00,Worker_002,27.89,184.56,86.78,6.9352,79.8700
2026-04-01 09:53:30,Worker_003,28.67,182.89,91.67,6.9184,79.8552
2026-04-01 09:54:00,Worker_001,29.12,181.45,89.12,6.9277,79.8619
2026-04-01 09:54:30,Worker_002,28.45,187.34,93.34,6.9348,79.8702
2026-04-01 09:55:00,Worker_003,27.78,183.67,87.78,6.9182,79.8551
2026-04-01 09:55:30,Worker_001,28.34,180.78,95.12,6.9273,79.8616
2026-04-01 09:56:00,Worker_002,29.45,186.45,90.45,6.9351,79.8699
2026-04-01 09:56:30,Worker_003,28.89,178.89,88.34,6.9185,79.8554
2026-04-01 09:57:00,Worker_001,27.56,185.23,92.78,6.9271,79.8618
2026-04-01 09:57:30,Worker_002,28.78,182.56,86.56,6.9355,79.8704
2026-04-01 09:58:00,Worker_003,29.23,181.78,94.89,6.9183,79.8556
2026-04-01 09:58:30,Worker_001,28.67,184.67,89.67,6.9276,79.8613
2026-04-01 09:59:00,Worker_002,27.45,179.34,91.34,6.9350,79.8700
2026-04-01 09:59:30,Worker_003,28.56,186.89,87.45,6.9181,79.8555
2026-04-01 10:00:00,Worker_001,29.12,183.45,93.89,6.9278,79.8615
2026-04-01 10:00:30,Worker_002,28.23,180.56,88.12,6.9354,79.8702
2026-04-01 10:01:00,Worker_003,27.89,185.78,95.67,6.9184,79.8553
2026-04-01 10:01:30,Worker_001,28.45,182.34,90.78,6.9274,79.8617
2026-04-01 10:02:00,Worker_002,29.34,177.89,86.34,6.9352,79.8698
2026-04-01 10:02:30,Worker_003,28.78,184.67,94.23,6.9180,79.8551
2026-04-01 10:03:00,Worker_001,27.67,183.56,89.56,6.9279,79.8614
2026-04-01 10:03:30,Worker_002,28.89,181.45,92.45,6.9351,79.8701
2026-04-01 10:04:00,Worker_003,29.56,186.34,87.78,6.9185,79.8554
2026-04-01 10:04:30,Worker_001,28.34,179.67,95.34,6.9272,79.8619
2026-04-01 10:05:00,Worker_002,27.78,185.89,91.12,6.9349,79.8697
2026-04-01 10:05:30,Worker_003,28.45,182.78,88.67,6.9183,79.8552
2026-04-01 10:06:00,Worker_001,29.23,184.45,93.78,6.9276,79.8616
2026-04-01 10:06:30,Worker_002,28.67,180.34,86.89,6.9355,79.8703
2026-04-01 10:07:00,Worker_003,27.56,187.56,94.56,6.9181,79.8555
2026-04-01 10:07:30,Worker_001,28.12,185.67,90.23,6.9275,79.8613
2026-04-01 10:08:00,Worker_002,29.45,178.89,88.34,6.9353,79.8700
2026-04-01 10:08:30,Worker_003,28.89,183.23,92.67,6.9184,79.8551
2026-04-01 10:09:00,Worker_001,27.34,181.78,87.45,6.9277,79.8618
2026-04-01 10:09:30,Worker_002,28.56,186.45,95.78,6.9350,79.8702
2026-04-01 10:10:00,Worker_003,29.34,184.67,89.89,6.9182,79.8556
2026-04-01 10:10:30,Worker_001,28.78,179.56,91.23,6.9271,79.8615
2026-04-01 10:11:00,Worker_002,27.89,182.89,86.67,6.9352,79.8699
2026-04-01 10:11:30,Worker_003,28.23,185.34,94.34,6.9180,79.8553
2026-04-01 10:12:00,Worker_001,29.12,180.67,90.78,6.9274,79.8617
2026-04-01 10:12:30,Worker_002,28.45,187.45,88.12,6.9354,79.8704
2026-04-01 10:13:00,Worker_003,27.67,183.78,93.56,6.9186,79.8554
2026-04-01 10:13:30,Worker_001,28.34,181.89,87.78,6.9279,79.8612
2026-04-01 10:14:00,Worker_002,29.56,179.34,95.45,6.9351,79.8700
2026-04-01 10:14:30,Worker_003,28.89,185.67,89.34,6.9183,79.8555
2026-04-01 10:15:00,Worker_001,27.78,182.56,92.67,6.9273,79.8619
2026-04-01 10:15:30,Worker_002,28.67,186.78,86.56,6.9348,79.8698
2026-04-01 10:16:00,Worker_003,29.23,184.89,94.78,6.9185,79.8552
2026-04-01 10:16:30,Worker_001,28.45,180.23,91.34,6.9276,79.8614
2026-04-01 10:17:00,Worker_002,27.89,183.56,88.89,6.9353,79.8701
2026-04-01 10:17:30,Worker_003,28.12,187.34,93.12,6.9181,79.8556
2026-04-01 10:18:00,Worker_001,29.34,178.67,87.23,6.9270,79.8616
2026-04-01 10:18:30,Worker_002,28.78,185.45,95.67,6.9355,79.8703
2026-04-01 10:19:00,Worker_003,27.45,182.34,90.45,6.9182,79.8551
2026-04-01 10:19:30,Worker_001,28.89,181.67,89.78,6.9278,79.8618
2026-04-01 10:20:00,Worker_002,29.45,186.78,86.34,6.9352,79.8699
2026-04-01 10:20:30,Worker_003,28.56,184.56,94.56,6.9184,79.8554
2026-04-01 10:21:00,Worker_001,27.67,179.89,92.12,6.9275,79.8615
2026-04-01 10:21:30,Worker_002,28.34,183.67,88.45,6.9350,79.8702
2026-04-01 10:22:00,Worker_003,29.12,185.78,91.67,6.9180,79.8553
2026-04-01 10:22:30,Worker_001,28.45,180.45,87.78,6.9277,79.8617
2026-04-01 10:23:00,Worker_002,27.78,182.89,95.23,6.9354,79.8700
2026-04-01 10:23:30,Worker_003,28.67,187.34,90.56,6.9183,79.8555
2026-04-01 10:24:00,Worker_001,29.23,184.67,88.34,6.9272,79.8613
2026-04-01 10:24:30,Worker_002,28.89,179.34,93.78,6.9351,79.8704
2026-04-01 10:25:00,Worker_003,27.56,186.45,86.89,6.9186,79.8552
2026-04-01 10:25:30,Worker_001,28.34,183.56,94.45,6.9274,79.8619
2026-04-01 10:26:00,Worker_002,29.56,181.78,89.12,6.9353,79.8698
2026-04-01 10:26:30,Worker_003,28.78,185.67,92.34,6.9181,79.8556
2026-04-01 10:27:00,Worker_001,27.89,182.34,87.67,6.9279,79.8614
2026-04-01 10:27:30,Worker_002,28.45,180.89,95.56,6.9349,79.8701
2026-04-01 10:28:00,Worker_003,29.12,184.78,90.78,6.9185,79.8551
2026-04-01 10:28:30,Worker_001,28.67,179.67,88.23,6.9276,79.8616
2026-04-01 10:29:00,Worker_002,27.34,186.89,93.45,6.9352,79.8703
2026-04-01 10:29:30,Worker_003,28.89,183.45,86.78,6.9182,79.8554
2026-04-01 10:30:00,Worker_001,29.34,181.34,94.67,6.9273,79.8618
2026-04-01 10:30:30,Worker_002,28.56,185.23,91.23,6.9350,79.8699
2026-04-01 10:31:00,Worker_003,27.78,188.56,89.56,6.9184,79.8555
2026-04-01 10:31:30,Worker_001,28.23,180.78,95.89,6.9278,79.8615
2026-04-01 10:32:00,Worker_002,29.45,184.67,87.34,6.9355,79.8702
2026-04-01 10:32:30,Worker_003,28.67,182.89,92.78,6.9180,79.8550
2026-04-01 10:33:00,Worker_001,27.56,186.34,90.45,6.9271,79.8617
2026-04-01 10:33:30,Worker_002,28.34,179.56,88.67,6.9353,79.8700
2026-04-01 10:34:00,Worker_003,29.12,185.78,94.34,6.9183,79.8553
2026-04-01 10:34:30,Worker_001,28.89,183.67,86.56,6.9275,79.8614
2026-04-01 10:35:00,Worker_002,27.89,181.45,93.12,6.9351,79.8701
2026-04-01 10:35:30,Worker_003,28.45,186.89,89.78,6.9185,79.8556
2026-04-01 10:36:00,Worker_001,29.23,184.56,91.67,6.9277,79.8612
2026-04-01 10:36:30,Worker_002,28.78,180.34,87.89,6.9348,79.8698
2026-04-01 10:37:00,Worker_003,27.67,187.45,95.34,6.9182,79.8555
2026-04-01 10:37:30,Worker_001,28.56,182.78,90.56,6.9270,79.8619
2026-04-01 10:38:00,Worker_002,29.34,185.67,88.23,6.9354,79.8704
2026-04-01 10:38:30,Worker_003,28.12,183.89,93.78,6.9181,79.8551
2026-04-01 10:39:00,Worker_001,27.45,180.56,86.45,6.9279,79.8616
2026-04-01 10:39:30,Worker_002,28.89,186.78,94.89,6.9352,79.8699
2026-04-01 10:40:00,Worker_003,29.56,184.34,91.34,6.9184,79.8554
2026-04-01 10:40:30,Worker_001,28.34,179.67,87.78,6.9274,79.8615
2026-04-01 10:41:00,Worker_002,27.78,182.45,95.67,6.9350,79.8702
2026-04-01 10:41:30,Worker_003,28.67,185.89,89.23,6.9186,79.8553
2026-04-01 10:42:00,Worker_001,29.12,181.78,92.56,6.9276,79.8618
2026-04-01 10:42:30,Worker_002,28.45,184.67,88.34,6.9353,79.8700
2026-04-01 10:43:00,Worker_003,27.89,187.34,93.45,6.9180,79.8556
2026-04-01 10:43:30,Worker_001,28.78,180.45,86.78,6.9273,79.8613
2026-04-01 10:44:00,Worker_002,29.23,185.56,95.12,6.9355,79.8701
2026-04-01 10:44:30,Worker_003,28.56,183.67,90.67,6.9183,79.8552
2026-04-01 10:45:00,Worker_001,27.67,182.34,89.45,6.9278,79.8617
2026-04-01 10:45:30,Worker_002,28.34,179.78,94.78,6.9351,79.8703
2026-04-01 10:46:00,Worker_003,29.45,186.45,87.56,6.9185,79.8555
2026-04-01 10:46:30,Worker_001,28.89,184.89,91.89,6.9272,79.8614
2026-04-01 10:47:00,Worker_002,27.56,181.56,88.12,6.9349,79.8697
2026-04-01 10:47:30,Worker_003,28.23,185.78,95.45,6.9182,79.8551
2026-04-01 10:48:00,Worker_001,29.12,183.45,90.23,6.9275,79.8619
2026-04-01 10:48:30,Worker_002,28.67,180.67,86.67,6.9352,79.8700
2026-04-01 10:49:00,Worker_003,27.89,187.23,93.89,6.9184,79.8554
2026-04-01 10:49:30,Worker_001,28.45,185.34,89.56,6.9277,79.8616
2026-04-01 10:50:00,Worker_002,29.34,182.78,92.34,6.9354,79.8702
2026-04-01 10:50:30,Worker_003,28.78,179.89,87.78,6.9181,79.8555
2026-04-01 10:51:00,Worker_001,27.34,184.56,94.67,6.9270,79.8618
2026-04-01 10:51:30,Worker_002,28.56,186.67,90.78,6.9351,79.8698
2026-04-01 10:52:00,Worker_003,29.23,181.78,88.23,6.9183,79.8553
2026-04-01 10:52:30,Worker_001,28.89,183.89,93.56,6.9279,79.8615
2026-04-01 10:53:00,Worker_002,27.78,180.45,86.34,6.9353,79.8701
2026-04-01 10:53:30,Worker_003,28.45,185.67,95.78,6.9185,79.8552
2026-04-01 10:54:00,Worker_001,29.12,184.34,91.45,6.9274,79.8617
2026-04-01 10:54:30,Worker_002,28.34,182.56,89.12,6.9350,79.8704
2026-04-01 10:55:00,Worker_003,27.67,187.45,94.34,6.9180,79.8556
2026-04-01 10:55:30,Worker_001,28.78,185.78,87.67,6.9276,79.8613
2026-04-01 10:56:00,Worker_002,29.45,183.67,92.89,6.9355,79.8699
2026-04-01 10:56:30,Worker_003,28.56,181.34,90.56,6.9182,79.8551
2026-04-01 10:57:00,Worker_001,27.89,186.89,88.78,6.9273,79.8614
2026-04-01 10:57:30,Worker_002,28.23,184.56,95.23,6.9352,79.8700
2026-04-01 10:58:00,Worker_003,29.34,180.67,86.45,6.9186,79.8554
2026-04-01 10:58:30,Worker_001,28.67,187.34,93.67,6.9278,79.8618
2026-04-01 10:59:00,Worker_002,27.45,185.45,89.34,6.9348,79.8703
2026-04-01 10:59:30,Worker_003,28.89,182.89,91.78,6.9184,79.8555
2026-04-01 11:00:00,Worker_001,29.12,179.34,87.56,6.9271,79.8616
2026-04-01 11:00:30,Worker_002,28.45,184.78,94.89,6.9354,79.8701
2026-04-01 11:01:00,Worker_003,27.78,186.45,90.12,6.9181,79.8552
2026-04-01 11:01:30,Worker_001,28.34,183.56,88.45,6.9275,79.8619
2026-04-01 11:02:00,Worker_002,29.56,181.67,95.56,6.9352,79.8697
2026-04-01 11:02:30,Worker_003,28.67,185.89,92.34,6.9183,79.8556
2026-04-01 11:03:00,Worker_001,27.89,182.78,86.78,6.9277,79.8615
2026-04-01 11:03:30,Worker_002,28.78,180.56,93.45,6.9350,79.8702
2026-04-01 11:04:00,Worker_003,29.23,187.67,89.67,6.9185,79.8553
2026-04-01 11:04:30,Worker_001,28.56,184.34,91.89,6.9274,79.8617
2026-04-01 11:05:00,Worker_002,27.67,183.89,87.34,6.9353,79.8700
2026-04-01 11:05:30,Worker_003,28.45,186.23,94.78,6.9180,79.8554
2026-04-01 11:06:00,Worker_001,29.34,181.45,90.56,6.9272,79.8618
2026-04-01 11:06:30,Worker_002,28.89,184.67,88.23,6.9355,79.8704
2026-04-01 11:07:00,Worker_003,27.56,179.89,95.34,6.9182,79.8551
2026-04-01 11:07:30,Worker_001,28.23,185.78,86.56,6.9279,79.8614
2026-04-01 11:08:00,Worker_002,29.45,182.34,92.67,6.9351,79.8699
2026-04-01 11:08:30,Worker_003,28.67,186.67,89.89,6.9184,79.8555
2026-04-01 11:09:00,Worker_001,27.78,183.45,91.34,6.9276,79.8613
2026-04-01 11:09:30,Worker_002,28.34,181.78,87.78,6.9349,79.8702
2026-04-01 11:10:00,Worker_003,29.12,185.56,94.56,6.9186,79.8552
2026-04-01 11:10:30,Worker_001,28.56,184.89,90.23,6.9273,79.8616
2026-04-01 11:11:00,Worker_002,27.89,182.67,88.45,6.9352,79.8700
2026-04-01 11:11:30,Worker_003,28.45,186.34,93.78,6.9181,79.8553
2026-04-01 11:12:00,Worker_001,29.34,183.78,86.67,6.9278,79.8615
2026-04-01 11:12:30,Worker_002,28.78,181.89,95.12,6.9354,79.8703
2026-04-01 11:13:00,Worker_003,27.67,184.56,89.56,6.9180,79.8556
2026-04-01 11:13:30,Worker_001,28.89,187.45,92.34,6.9275,79.8619
2026-04-01 11:14:00,Worker_002,29.23,185.67,87.89,6.9350,79.8698
2026-04-01 11:14:30,Worker_003,28.56,182.34,90.78,6.9183,79.8554
2026-04-01 11:15:00,Worker_001,27.45,181.45,94.67,6.9277,79.8612
2026-04-01 11:15:30,Worker_002,28.34,184.78,88.34,6.9353,79.8701
2026-04-01 11:16:00,Worker_003,29.45,186.89,91.45,6.9185,79.8555
2026-04-01 11:16:30,Worker_001,28.67,183.34,86.78,6.9271,79.8617
2026-04-01 11:17:00,Worker_002,27.89,180.67,95.56,6.9355,79.8699
2026-04-01 11:17:30,Worker_003,28.23,185.45,93.34,6.9182,79.8551
2026-04-01 11:18:00,Worker_001,29.12,184.67,89.12,6.9274,79.8618
2026-04-01 11:18:30,Worker_002,28.78,182.89,87.67,6.9351,79.8702
2026-04-01 11:19:00,Worker_003,27.56,186.34,94.89,6.9184,79.8553
2026-04-01 11:19:30,Worker_001,28.45,183.78,90.45,6.9279,79.8615
2026-04-01 11:20:00,Worker_002,29.34,181.56,88.23,6.9352,79.8700
2026-04-01 11:20:30,Worker_003,28.67,185.67,92.78,6.9181,79.8556
2026-04-01 11:21:00,Worker_001,27.78,184.45,86.89,6.9276,79.8614
2026-04-01 11:21:30,Worker_002,28.89,187.56,95.45,6.9348,79.8704
2026-04-01 11:22:00,Worker_003,29.23,182.78,91.67,6.9186,79.8552
2026-04-01 11:22:30,Worker_001,28.56,185.89,89.34,6.9273,79.8619
2026-04-01 11:23:00,Worker_002,27.67,183.67,93.89,6.9353,79.8697
2026-04-01 11:23:30,Worker_003,28.34,181.34,87.56,6.9180,79.8555
2026-04-01 11:24:00,Worker_001,29.12,184.56,90.78,6.9275,79.8616
2026-04-01 11:24:30,Worker_002,28.45,186.78,88.12,6.9350,79.8701
2026-04-01 11:25:00,Worker_003,27.89,183.45,94.56,6.9183,79.8554
2026-04-01 11:25:30,Worker_001,28.78,182.67,91.34,6.9278,79.8613
2026-04-01 11:26:00,Worker_002,29.34,185.34,86.67,6.9354,79.8698
2026-04-01 11:26:30,Worker_003,28.67,180.89,95.23,6.9185,79.8552
2026-04-01 11:27:00,Worker_001,27.56,184.78,89.45,6.9272,79.8618
2026-04-01 11:27:30,Worker_002,28.23,187.45,92.78,6.9351,79.8700
2026-04-01 11:28:00,Worker_003,29.45,186.34,87.34,6.9181,79.8556
2026-04-01 11:28:30,Worker_001,28.89,183.89,94.67,6.9277,79.8615
2026-04-01 11:29:00,Worker_002,27.78,181.67,90.23,6.9352,79.8703
2026-04-01 11:29:30,Worker_003,28.56,185.78,88.56,6.9184,79.8551
2026-04-01 11:30:00,Worker_001,29.12,184.56,93.45,6.9270,79.8617
2026-04-01 11:30:30,Worker_002,28.45,182.89,86.78,6.9355,79.8699
2026-04-01 11:31:00,Worker_003,27.67,186.67,95.78,6.9182,79.8555
2026-04-01 11:31:30,Worker_001,28.34,183.78,91.12,6.9274,79.8614
2026-04-01 11:32:00,Worker_002,29.23,181.45,89.34,6.9353,79.8702
2026-04-01 11:32:30,Worker_003,28.78,185.34,94.56,6.9180,79.8553
2026-04-01 11:33:00,Worker_001,27.89,184.89,87.89,6.9279,79.8616
2026-04-01 11:33:30,Worker_002,28.67,187.23,90.67,6.9350,79.8700
2026-04-01 11:34:00,Worker_003,29.45,182.67,92.34,6.9186,79.8554
2026-04-01 11:34:30,Worker_001,28.56,185.56,88.45,6.9275,79.8618
2026-04-01 11:35:00,Worker_002,27.78,183.34,95.12,6.9354,79.8704
2026-04-01 11:35:30,Worker_003,28.89,181.78,86.56,6.9183,79.8552
2026-04-01 11:36:00,Worker_001,29.12,184.67,93.78,6.9273,79.8615
2026-04-01 11:36:30,Worker_002,28.34,186.45,89.34,6.9351,79.8698
2026-04-01 11:37:00,Worker_003,27.67,183.89,91.56,6.9185,79.8556
2026-04-01 11:37:30,Worker_001,28.45,180.56,87.67,6.9276,79.8613
2026-04-01 11:38:00,Worker_002,29.56,185.78,94.45,6.9352,79.8701
2026-04-01 11:38:30,Worker_003,28.78,182.34,90.78,6.9181,79.8555
2026-04-01 11:39:00,Worker_001,27.89,184.56,88.12,6.9278,79.8619
2026-04-01 11:39:30,Worker_002,28.23,187.67,95.67,6.9349,79.8697
2026-04-01 11:40:00,Worker_003,29.34,186.78,92.34,6.9184,79.8553
2026-04-01 11:40:30,Worker_001,28.67,183.45,86.89,6.9271,79.8616
2026-04-01 11:41:00,Worker_002,27.56,181.89,93.56,6.9355,79.8702
2026-04-01 11:41:30,Worker_003,28.89,185.56,89.78,6.9182,79.8552
2026-04-01 11:42:00,Worker_001,29.23,184.67,91.23,6.9274,79.8618
2026-04-01 11:42:30,Worker_002,28.45,182.78,87.45,6.9353,79.8700
2026-04-01 11:43:00,Worker_003,27.78,186.34,94.89,6.9180,79.8554
2026-04-01 11:43:30,Worker_001,28.34,183.89,90.34,6.9277,79.8615
2026-04-01 11:44:00,Worker_002,29.12,181.56,88.67,6.9350,79.8703
2026-04-01 11:44:30,Worker_003,28.67,185.67,93.45,6.9185,79.8551
2026-04-01 11:45:00,Worker_001,27.89,184.34,86.56,6.9279,79.8617
2026-04-01 11:45:30,Worker_002,28.56,187.45,95.34,6.9352,79.8701
2026-04-01 11:46:00,Worker_003,29.45,183.78,92.67,6.9183,79.8556
2026-04-01 11:46:30,Worker_001,28.78,186.89,89.12,6.9272,79.8614
2026-04-01 11:47:00,Worker_002,27.67,182.34,91.78,6.9354,79.8699
2026-04-01 11:47:30,Worker_003,28.23,185.56,87.34,6.9181,79.8555
2026-04-01 11:48:00,Worker_001,29.12,184.67,94.56,6.9275,79.8618
2026-04-01 11:48:30,Worker_002,28.45,181.89,90.45,6.9351,79.8700
2026-04-01 11:49:00,Worker_003,27.89,183.78,88.23,6.9186,79.8553
2026-04-01 11:49:30,Worker_001,28.67,186.23,95.78,6.9273,79.8616
2026-04-01 11:50:00,Worker_002,29.34,184.56,86.77,6.9353,79.8704
2026-04-01 11:50:30,Worker_003,28.56,182.67,93.67,6.9184,79.8552
2026-04-01 11:51:00,Worker_001,27.78,185.34,89.34,6.9278,79.8615
2026-04-01 11:51:30,Worker_002,28.89,181.45,91.45,6.9350,79.8702
2026-04-01 11:52:00,Worker_003,29.23,184.78,87.56,6.9182,79.8554
2026-04-01 11:52:30,Worker_001,28.45,186.89,94.23,6.9276,79.8619
2026-04-01 11:53:00,Worker_002,27.67,183.67,88.78,6.9355,79.8698
2026-04-01 11:53:30,Worker_003,28.34,187.56,95.45,6.9185,79.8556
2026-04-01 11:54:00,Worker_001,29.12,185.78,90.67,6.9271,79.8617
2026-04-01 11:54:30,Worker_002,28.67,182.34,86.89,6.9352,79.8701
2026-04-01 11:55:00,Worker_003,27.89,184.67,92.34,6.9180,79.8553
2026-04-01 11:55:30,Worker_001,28.78,181.89,89.56,6.9274,79.8615
2026-04-01 11:56:00,Worker_002,29.45,186.45,93.78,6.9349,79.8700
2026-04-01 11:56:30,Worker_003,28.56,183.78,87.23,6.9181,79.8552
2026-04-01 11:57:00,Worker_001,27.78,185.67,94.78,6.9277,79.8613
2026-04-01 11:57:30,Worker_002,28.23,182.89,90.45,6.9354,79.8703
2026-04-01 11:58:00,Worker_003,29.12,184.56,88.34,6.9183,79.8555
2026-04-01 11:58:30,Worker_001,28.45,186.78,95.56,6.9279,79.8618
2026-04-01 11:59:00,Worker_002,27.56,183.45,91.12,6.9351,79.8699
2026-04-01 11:59:30,Worker_003,28.89,181.67,87.78,6.9184,79.8554
2026-04-01 12:00:00,Worker_001,28.23,124.56,74.23,6.9273,79.8616
2026-04-01 12:00:30,Worker_002,27.89,128.34,76.45,6.9352,79.8701
2026-04-01 12:01:00,Worker_003,28.34,122.78,71.56,6.9185,79.8553
2026-04-01 12:01:30,Worker_001,27.56,126.89,73.78,6.9280,79.8615
2026-04-01 12:02:00,Worker_002,28.67,125.45,75.12,6.9350,79.8697
2026-04-01 12:02:30,Worker_003,28.12,131.23,69.89,6.9178,79.8555
2026-04-01 12:03:00,Worker_001,27.78,123.67,72.67,6.9276,79.8619
2026-04-01 12:03:30,Worker_002,28.45,127.89,77.34,6.9354,79.8703
2026-04-01 12:04:00,Worker_003,28.89,126.34,70.45,6.9182,79.8551
2026-04-01 12:04:30,Worker_001,27.34,130.56,74.89,6.9274,79.8617
2026-04-01 12:05:00,Worker_002,28.78,124.78,73.23,6.9351,79.8700
2026-04-01 12:05:30,Worker_003,28.23,129.45,71.67,6.9186,79.8554
2026-04-01 12:06:00,Worker_001,27.89,125.67,78.12,6.9271,79.8614
2026-04-01 12:06:30,Worker_002,28.56,128.89,72.45,6.9353,79.8702
2026-04-01 12:07:00,Worker_003,28.67,132.34,69.34,6.9184,79.8556
2026-04-01 12:07:30,Worker_001,27.45,127.56,75.56,6.9278,79.8618
2026-04-01 12:08:00,Worker_002,28.34,123.45,73.89,6.9355,79.8698
2026-04-01 12:08:30,Worker_003,28.89,126.78,70.78,6.9180,79.8552
2026-04-01 12:09:00,Worker_001,27.78,130.23,76.34,6.9277,79.8615
2026-04-01 12:09:30,Worker_002,28.12,125.89,72.12,6.9352,79.8700
2026-04-01 12:10:00,Worker_003,28.56,128.45,68.67,6.9183,79.8555
2026-04-01 12:10:30,Worker_001,27.89,131.67,75.89,6.9275,79.8613
2026-04-01 12:11:00,Worker_002,28.67,124.34,73.45,6.9349,79.8701
2026-04-01 12:11:30,Worker_003,28.34,127.56,71.23,6.9181,79.8553
2026-04-01 12:12:00,Worker_001,27.56,129.78,77.56,6.9279,79.8616
2026-04-01 12:12:30,Worker_002,28.45,132.45,69.89,6.9354,79.8704
2026-04-01 12:13:00,Worker_003,28.78,125.67,74.34,6.9185,79.8552
2026-04-01 12:13:30,Worker_001,27.67,128.89,72.78,6.9272,79.8619
2026-04-01 12:14:00,Worker_002,28.23,130.34,76.67,6.9351,79.8699
2026-04-01 12:14:30,Worker_003,28.89,123.78,70.56,6.9182,79.8554
2026-04-01 12:15:00,Worker_001,27.45,127.45,73.12,6.9276,79.8617
2026-04-01 12:15:30,Worker_002,28.56,131.89,75.89,6.9350,79.8703
2026-04-01 12:16:00,Worker_003,28.12,125.56,68.45,6.9184,79.8551
2026-04-01 12:16:30,Worker_001,27.89,129.23,77.23,6.9273,79.8615
2026-04-01 12:17:00,Worker_002,28.78,132.67,71.78,6.9352,79.8700
2026-04-01 12:17:30,Worker_003,28.34,126.45,74.56,6.9180,79.8556
2026-04-01 12:18:00,Worker_001,27.67,128.78,72.34,6.9278,79.8614
2026-04-01 12:18:30,Worker_002,28.45,130.56,76.12,6.9355,79.8702
2026-04-01 12:19:00,Worker_003,28.89,124.34,69.67,6.9183,79.8553
2026-04-01 12:19:30,Worker_001,27.34,127.89,73.89,6.9271,79.8618
2026-04-01 12:20:00,Worker_002,28.67,131.45,75.45,6.9353,79.8698
2026-04-01 12:20:30,Worker_003,28.23,129.67,71.34,6.9186,79.8555
2026-04-01 12:21:00,Worker_001,27.78,125.78,78.12,6.9274,79.8616
2026-04-01 12:21:30,Worker_002,28.56,132.34,72.67,6.9351,79.8701
2026-04-01 12:22:00,Worker_003,28.45,130.89,70.78,6.9185,79.8552
2026-04-01 12:22:30,Worker_001,27.89,127.56,74.45,6.9279,79.8617
2026-04-01 12:23:00,Worker_002,28.34,129.45,76.89,6.9349,79.8704
2026-04-01 12:23:30,Worker_003,28.67,124.78,69.23,6.9181,79.8554
2026-04-01 12:24:00,Worker_001,27.56,131.67,73.56,6.9275,79.8619
2026-04-01 12:24:30,Worker_002,28.12,126.89,75.34,6.9354,79.8699
2026-04-01 12:25:00,Worker_003,28.78,128.34,71.89,6.9183,79.8556
2026-04-01 12:25:30,Worker_001,27.67,133.45,77.45,6.9277,79.8613
2026-04-01 12:26:00,Worker_002,28.89,125.56,72.56,6.9352,79.8702
2026-04-01 12:26:30,Worker_003,28.23,130.78,70.34,6.9180,79.8551
2026-04-01 12:27:00,Worker_001,27.45,129.34,74.78,6.9272,79.8615
2026-04-01 12:27:30,Worker_002,28.56,132.89,76.23,6.9350,79.8700
2026-04-01 12:28:00,Worker_003,28.34,127.67,69.56,6.9184,79.8555
2026-04-01 12:28:30,Worker_001,27.78,124.45,73.45,6.9278,79.8618
2026-04-01 12:29:00,Worker_002,28.45,129.89,75.12,6.9353,79.8703
2026-04-01 12:29:30,Worker_003,28.67,131.23,71.67,6.9182,79.8553
2026-04-01 12:30:00,Worker_001,27.89,126.78,77.56,6.9276,79.8614
2026-04-01 12:30:30,Worker_002,28.12,130.45,72.89,6.9355,79.8701
2026-04-01 12:31:00,Worker_003,28.56,128.67,74.34,6.9181,79.8552
2026-04-01 12:31:30,Worker_001,27.34,125.89,70.78,6.9274,79.8616
2026-04-01 12:32:00,Worker_002,28.78,132.56,76.67,6.9351,79.8697
2026-04-01 12:32:30,Worker_003,28.45,130.23,73.12,6.9185,79.8554
2026-04-01 12:33:00,Worker_001,27.56,127.34,75.89,6.9279,79.8619
2026-04-01 12:33:30,Worker_002,28.67,129.78,71.45,6.9348,79.8702
2026-04-01 12:34:00,Worker_003,28.23,131.89,69.78,6.9183,79.8556
2026-04-01 12:34:30,Worker_001,27.89,125.67,74.56,6.9270,79.8615
2026-04-01 12:35:00,Worker_002,28.34,128.45,77.23,6.9352,79.8700
2026-04-01 12:35:30,Worker_003,28.89,132.78,72.34,6.9184,79.8551
2026-04-01 12:36:00,Worker_001,27.67,126.34,73.67,6.9277,79.8617
2026-04-01 12:36:30,Worker_002,28.45,130.67,75.78,6.9354,79.8704
2026-04-01 12:37:00,Worker_003,28.56,129.45,70.56,6.9180,79.8555
2026-04-01 12:37:30,Worker_001,27.78,124.89,76.45,6.9273,79.8618
2026-04-01 12:38:00,Worker_002,28.12,131.56,72.12,6.9355,79.8699
2026-04-01 12:38:30,Worker_003,28.67,128.34,74.89,6.9182,79.8553
2026-04-01 12:39:00,Worker_001,27.89,127.67,71.67,6.9276,79.8616
2026-04-01 12:39:30,Worker_002,28.34,129.89,77.34,6.9351,79.8701
2026-04-01 12:40:00,Worker_003,28.45,132.45,69.45,6.9185,79.8552
2026-04-01 12:40:30,Worker_001,27.56,125.78,73.78,6.9279,79.8614
2026-04-01 12:41:00,Worker_002,28.23,130.12,75.56,6.9353,79.8703
2026-04-01 12:41:30,Worker_003,28.89,126.89,71.34,6.9181,79.8556
2026-04-01 12:42:00,Worker_001,27.67,128.56,76.89,6.9275,79.8617
2026-04-01 12:42:30,Worker_002,28.78,131.78,72.67,6.9350,79.8700
2026-04-01 12:43:00,Worker_003,28.56,124.67,74.23,6.9184,79.8554
2026-04-01 12:43:30,Worker_001,27.89,130.45,70.89,6.9272,79.8618
2026-04-01 12:44:00,Worker_002,28.45,129.34,77.12,6.9354,79.8698
2026-04-01 12:44:30,Worker_003,28.34,127.89,73.45,6.9183,79.8555
2026-04-01 12:45:00,Worker_001,27.78,131.23,75.34,6.9277,79.8615
2026-04-01 12:45:30,Worker_002,28.67,125.56,71.78,6.9352,79.8702
2026-04-01 12:46:00,Worker_003,28.12,132.67,76.56,6.9180,79.8553
2026-04-01 12:46:30,Worker_001,27.45,128.78,69.89,6.9271,79.8619
2026-04-01 12:47:00,Worker_002,28.89,130.89,74.67,6.9355,79.8701
2026-04-01 12:47:30,Worker_003,28.56,126.34,72.34,6.9182,79.8551
2026-04-01 12:48:00,Worker_001,27.67,129.67,78.12,6.9274,79.8616
2026-04-01 12:48:30,Worker_002,28.34,131.45,73.89,6.9353,79.8704
2026-04-01 12:49:00,Worker_003,28.78,124.89,70.45,6.9186,79.8552
2026-04-01 12:49:30,Worker_001,27.89,127.56,75.67,6.9278,79.8614
2026-04-01 12:50:00,Worker_002,28.45,130.78,71.56,6.9351,79.8699
2026-04-01 12:50:30,Worker_003,28.67,132.34,77.45,6.9185,79.8556
2026-04-01 12:51:00,Worker_001,27.78,125.67,72.78,6.9276,79.8617
2026-04-01 12:51:30,Worker_002,28.23,129.45,74.34,6.9354,79.8700
2026-04-01 12:52:00,Worker_003,28.56,128.89,76.12,6.9181,79.8555
2026-04-01 12:52:30,Worker_001,27.89,131.67,70.23,6.9273,79.8615
2026-04-01 12:53:00,Worker_002,28.34,126.78,73.56,6.9352,79.8703
2026-04-01 12:53:30,Worker_003,28.45,130.23,75.89,6.9183,79.8554
2026-04-01 12:54:00,Worker_001,27.56,129.56,71.34,6.9279,79.8618
2026-04-01 12:54:30,Worker_002,28.67,127.89,77.78,6.9349,79.8697
2026-04-01 12:55:00,Worker_003,28.89,132.56,69.67,6.9186,79.8553
2026-04-01 12:55:30,Worker_001,27.34,124.67,74.89,6.9275,79.8616
2026-04-01 12:56:00,Worker_002,28.12,130.45,72.45,6.9355,79.8702
2026-04-01 12:56:30,Worker_003,28.78,128.34,76.34,6.9182,79.8551
2026-04-01 12:57:00,Worker_001,27.67,131.89,70.78,6.9278,79.8613
2026-04-01 12:57:30,Worker_002,28.45,125.78,73.23,6.9351,79.8700
2026-04-01 12:58:00,Worker_003,28.56,127.45,75.67,6.9184,79.8555
2026-04-01 12:58:30,Worker_001,27.89,133.56,71.89,6.9276,79.8619
2026-04-01 12:59:00,Worker_002,28.23,129.78,77.34,6.9353,79.8701
2026-04-01 12:59:30,Worker_003,28.34,126.67,74.56,6.9180,79.8552
2026-04-01 13:00:00,Worker_001,29.12,235.67,92.34,6.9274,79.8615
2026-04-01 13:00:30,Worker_002,28.89,228.45,94.56,6.9352,79.8700
2026-04-01 13:01:00,Worker_003,29.34,232.78,96.78,6.9185,79.8554
2026-04-01 13:01:30,Worker_001,28.67,234.56,90.23,6.9278,79.8618
2026-04-01 13:02:00,Worker_002,29.23,226.89,93.45,6.9350,79.8702
2026-04-01 13:02:30,Worker_003,28.45,230.34,97.12,6.9182,79.8551
2026-04-01 13:03:00,Worker_001,29.56,233.67,91.67,6.9271,79.8616
2026-04-01 13:03:30,Worker_002,28.78,229.45,95.34,6.9354,79.8699
2026-04-01 13:04:00,Worker_003,29.12,237.89,89.56,6.9180,79.8555
2026-04-01 13:04:30,Worker_001,28.34,231.56,98.23,6.9276,79.8613
2026-04-01 13:05:00,Worker_002,29.45,227.78,92.78,6.9353,79.8701
2026-04-01 13:05:30,Worker_003,28.89,235.34,94.45,6.9184,79.8552
2026-04-01 13:06:00,Worker_001,29.67,229.67,96.12,6.9279,79.8619
2026-04-01 13:06:30,Worker_002,28.56,233.45,90.89,6.9351,79.8704
2026-04-01 13:07:00,Worker_003,29.23,236.78,99.34,6.9183,79.8550
2026-04-01 13:07:30,Worker_001,28.78,230.89,93.56,6.9275,79.8617
2026-04-01 13:08:00,Worker_002,29.34,228.34,95.78,6.9355,79.8698
2026-04-01 13:08:30,Worker_003,28.67,234.67,91.23,6.9181,79.8553
2026-04-01 13:09:00,Worker_001,29.45,232.56,97.45,6.9273,79.8615
2026-04-01 13:09:30,Worker_002,28.89,225.89,88.67,6.9352,79.8700
2026-04-01 13:10:00,Worker_003,29.12,230.45,94.89,6.9185,79.8556
2026-04-01 13:10:30,Worker_001,28.56,236.34,92.34,6.9277,79.8614
2026-04-01 13:11:00,Worker_002,29.34,227.67,96.56,6.9349,79.8703
2026-04-01 13:11:30,Worker_003,28.45,233.89,90.78,6.9182,79.8551
2026-04-01 13:12:00,Worker_001,29.23,231.45,99.12,6.9270,79.8618
2026-04-01 13:12:30,Worker_002,28.78,235.78,93.45,6.9354,79.8701
2026-04-01 13:13:00,Worker_003,29.56,228.56,95.67,6.9184,79.8554
2026-04-01 13:13:30,Worker_001,28.89,232.67,91.89,6.9278,79.8616
2026-04-01 13:14:00,Worker_002,29.45,236.89,97.78,6.9351,79.8699
